tarch,tmax,count_words concurrente,Tiempo en nanosegundos
1,1,No,6921167
1,1,No,10499153
1,1,No,8023398
1,1,No,5889092
1,1,No,6628842
1,1,No,6768494
1,1,No,6003021
1,1,No,6753719
1,1,No,8437425
1,1,No,8189222
1,1,No,8967368
1,1,No,6407377
1,1,No,6165666
1,1,No,5854271
1,1,No,6695280
1,1,No,5907739
1,1,No,5837936
1,1,No,6697782
1,1,No,5909275
1,1,No,5729311
1,1,No,6914458
1,1,No,5636224
1,1,No,6251494
1,1,No,5841138
1,1,No,5859888
1,1,No,6307702
1,1,No,6570794
1,1,No,9275703
1,1,No,6546075
1,1,No,5838694
1,1,No,7655223
1,1,No,6373029
1,1,No,5627705
1,1,No,6394214
1,1,No,6096904
1,1,No,6929459
1,1,No,5577489
1,1,No,5832066
1,1,No,5967610
1,1,No,6954797
1,1,No,8263982
1,1,No,7764206
1,1,No,7099241
1,1,No,6012157
1,1,No,6030526
1,1,No,6125347
1,1,No,5735471
1,1,No,7242220
1,1,No,7735456
1,1,No,8008569
1,1,Sí,6317124
1,1,Sí,6747199
1,1,Sí,7195578
1,1,Sí,7158840
1,1,Sí,7337991
1,1,Sí,5491834
1,1,Sí,4096650
1,1,Sí,4678229
1,1,Sí,4428566
1,1,Sí,4648194
1,1,Sí,4395421
1,1,Sí,4095869
1,1,Sí,4173786
1,1,Sí,4186708
1,1,Sí,5921575
1,1,Sí,5871260
1,1,Sí,6018321
1,1,Sí,6340198
1,1,Sí,6402332
1,1,Sí,5188727
1,1,Sí,5149772
1,1,Sí,4396118
1,1,Sí,4280541
1,1,Sí,5041299
1,1,Sí,5548118
1,1,Sí,5657433
1,1,Sí,6392052
1,1,Sí,6022908
1,1,Sí,6112142
1,1,Sí,6642040
1,1,Sí,5758000
1,1,Sí,5818166
1,1,Sí,6023797
1,1,Sí,6009831
1,1,Sí,5870031
1,1,Sí,5846491
1,1,Sí,8433299
1,1,Sí,5409206
1,1,Sí,5711530
1,1,Sí,4697887
1,1,Sí,4780092
1,1,Sí,4160331
1,1,Sí,4025118
1,1,Sí,4902748
1,1,Sí,5592305
1,1,Sí,5539462
1,1,Sí,5589513
1,1,Sí,6153071
1,1,Sí,6141840
1,1,Sí,6359108
1,2,No,8421505
1,2,No,9312904
1,2,No,4603961
1,2,No,5628521
1,2,No,5736486
1,2,No,4710478
1,2,No,4602186
1,2,No,5374796
1,2,No,5361289
1,2,No,5325009
1,2,No,6050199
1,2,No,6664356
1,2,No,4676585
1,2,No,4389245
1,2,No,5434724
1,2,No,4281392
1,2,No,4370093
1,2,No,6021463
1,2,No,5577716
1,2,No,4847644
1,2,No,4523923
1,2,No,4241439
1,2,No,4349291
1,2,No,4875062
1,2,No,4623258
1,2,No,4345660
1,2,No,4393223
1,2,No,4362231
1,2,No,4467954
1,2,No,4341533
1,2,No,4651154
1,2,No,4653681
1,2,No,4457573
1,2,No,4546930
1,2,No,4435718
1,2,No,4579563
1,2,No,4354422
1,2,No,4372292
1,2,No,4334486
1,2,No,5337547
1,2,No,4515929
1,2,No,4539126
1,2,No,4454425
1,2,No,4664919
1,2,No,4536250
1,2,No,4468138
1,2,No,4497413
1,2,No,4531740
1,2,No,6216385
1,2,No,4690480
1,2,Sí,4304396
1,2,Sí,4218838
1,2,Sí,4002960
1,2,Sí,4208718
1,2,Sí,4313096
1,2,Sí,5629032
1,2,Sí,5986744
1,2,Sí,6147436
1,2,Sí,6307081
1,2,Sí,6384964
1,2,Sí,6053335
1,2,Sí,4026453
1,2,Sí,4097860
1,2,Sí,4452110
1,2,Sí,4742327
1,2,Sí,4120296
1,2,Sí,4044625
1,2,Sí,5130888
1,2,Sí,5692702
1,2,Sí,6266646
1,2,Sí,5595298
1,2,Sí,6360646
1,2,Sí,6586850
1,2,Sí,6745126
1,2,Sí,6954734
1,2,Sí,6654125
1,2,Sí,5684189
1,2,Sí,5770231
1,2,Sí,6054715
1,2,Sí,5815935
1,2,Sí,5479600
1,2,Sí,5551609
1,2,Sí,5952493
1,2,Sí,6284529
1,2,Sí,6253439
1,2,Sí,6377899
1,2,Sí,6418938
1,2,Sí,6341770
1,2,Sí,6644271
1,2,Sí,8380199
1,2,Sí,7365729
1,2,Sí,4108452
1,2,Sí,4191780
1,2,Sí,4079270
1,2,Sí,4209675
1,2,Sí,4160179
1,2,Sí,3986190
1,2,Sí,4255349
1,2,Sí,4175903
1,2,Sí,4644639
1,3,No,5646236
1,3,No,4769505
1,3,No,6150410
1,3,No,4655963
1,3,No,5081808
1,3,No,7620335
1,3,No,5135486
1,3,No,4222834
1,3,No,4488338
1,3,No,4846761
1,3,No,4436995
1,3,No,4298473
1,3,No,4913612
1,3,No,4687026
1,3,No,4799354
1,3,No,5183688
1,3,No,5711323
1,3,No,4600298
1,3,No,4939111
1,3,No,5453064
1,3,No,5970762
1,3,No,4919534
1,3,No,4681052
1,3,No,4794649
1,3,No,4483706
1,3,No,4708274
1,3,No,5092249
1,3,No,4226861
1,3,No,7230651
1,3,No,4403723
1,3,No,4595139
1,3,No,4745853
1,3,No,4839005
1,3,No,5845335
1,3,No,5067854
1,3,No,4825614
1,3,No,4444673
1,3,No,4995631
1,3,No,4981686
1,3,No,4965818
1,3,No,4827243
1,3,No,5092964
1,3,No,4234418
1,3,No,4667476
1,3,No,4677694
1,3,No,5558896
1,3,No,5231855
1,3,No,5195097
1,3,No,4759087
1,3,No,4695591
1,3,Sí,4081050
1,3,Sí,5346352
1,3,Sí,5890943
1,3,Sí,5381985
1,3,Sí,5490926
1,3,Sí,5658305
1,3,Sí,5931399
1,3,Sí,7042698
1,3,Sí,7992108
1,3,Sí,4173214
1,3,Sí,4027957
1,3,Sí,3904997
1,3,Sí,4065296
1,3,Sí,3970616
1,3,Sí,4151106
1,3,Sí,4017688
1,3,Sí,4001348
1,3,Sí,5428209
1,3,Sí,5531523
1,3,Sí,5490590
1,3,Sí,6279442
1,3,Sí,6759232
1,3,Sí,6257644
1,3,Sí,6384687
1,3,Sí,6307707
1,3,Sí,6271818
1,3,Sí,6825236
1,3,Sí,7473016
1,3,Sí,5773253
1,3,Sí,5161225
1,3,Sí,5021759
1,3,Sí,4193040
1,3,Sí,4141286
1,3,Sí,4893445
1,3,Sí,5630168
1,3,Sí,5478171
1,3,Sí,4091152
1,3,Sí,4058397
1,3,Sí,4112030
1,3,Sí,4181592
1,3,Sí,4256364
1,3,Sí,4893384
1,3,Sí,5358304
1,3,Sí,5421151
1,3,Sí,6053387
1,3,Sí,6304951
1,3,Sí,6349454
1,3,Sí,6105940
1,3,Sí,6127981
1,3,Sí,6073968
1,4,No,7354338
1,4,No,6178493
1,4,No,6073934
1,4,No,4654653
1,4,No,4702731
1,4,No,5063695
1,4,No,4543239
1,4,No,4291556
1,4,No,4687363
1,4,No,5100670
1,4,No,5660820
1,4,No,4741422
1,4,No,4377365
1,4,No,5069810
1,4,No,4553025
1,4,No,4518436
1,4,No,5270203
1,4,No,5519310
1,4,No,4735277
1,4,No,5874775
1,4,No,5336071
1,4,No,4294671
1,4,No,5025840
1,4,No,4898026
1,4,No,4439581
1,4,No,4662802
1,4,No,4899137
1,4,No,4962048
1,4,No,4350848
1,4,No,4675430
1,4,No,5755090
1,4,No,5367479
1,4,No,4742568
1,4,No,4858936
1,4,No,5770591
1,4,No,6296061
1,4,No,7572860
1,4,No,4658647
1,4,No,4328403
1,4,No,4634405
1,4,No,4695950
1,4,No,4452709
1,4,No,4942412
1,4,No,4923620
1,4,No,6347915
1,4,No,4847953
1,4,No,4810505
1,4,No,4905443
1,4,No,5106699
1,4,No,4528389
1,4,Sí,4308603
1,4,Sí,3994015
1,4,Sí,3995151
1,4,Sí,3937273
1,4,Sí,4066299
1,4,Sí,3985208
1,4,Sí,3923134
1,4,Sí,4008624
1,4,Sí,5075117
1,4,Sí,5800469
1,4,Sí,5975021
1,4,Sí,4360021
1,4,Sí,4000794
1,4,Sí,4201031
1,4,Sí,5939315
1,4,Sí,4292767
1,4,Sí,3999625
1,4,Sí,3965971
1,4,Sí,5398153
1,4,Sí,4273658
1,4,Sí,3968188
1,4,Sí,4002904
1,4,Sí,4055542
1,4,Sí,3918557
1,4,Sí,4027213
1,4,Sí,3984352
1,4,Sí,4062446
1,4,Sí,3962740
1,4,Sí,3958706
1,4,Sí,3936415
1,4,Sí,4053077
1,4,Sí,4142085
1,4,Sí,3974241
1,4,Sí,3978557
1,4,Sí,4000375
1,4,Sí,4092697
1,4,Sí,4026793
1,4,Sí,3971487
1,4,Sí,4000954
1,4,Sí,4088830
1,4,Sí,4023058
1,4,Sí,4004208
1,4,Sí,3975541
1,4,Sí,4271521
1,4,Sí,3978756
1,4,Sí,3980586
1,4,Sí,4007466
1,4,Sí,4078717
1,4,Sí,4056053
1,4,Sí,4040440
1,5,No,4750108
1,5,No,4822215
1,5,No,7664136
1,5,No,5222577
1,5,No,5334430
1,5,No,5569732
1,5,No,5150570
1,5,No,5320222
1,5,No,4910757
1,5,No,4597578
1,5,No,4728055
1,5,No,4918430
1,5,No,5527976
1,5,No,6047684
1,5,No,5532981
1,5,No,6221024
1,5,No,5232301
1,5,No,5021190
1,5,No,7890150
1,5,No,6023402
1,5,No,5179516
1,5,No,4367380
1,5,No,6060351
1,5,No,6237656
1,5,No,7082599
1,5,No,6950470
1,5,No,5675287
1,5,No,6385244
1,5,No,6895539
1,5,No,6851511
1,5,No,5942236
1,5,No,4553042
1,5,No,5293417
1,5,No,5419588
1,5,No,4620457
1,5,No,4728316
1,5,No,4408987
1,5,No,4533946
1,5,No,5151256
1,5,No,4799432
1,5,No,5422602
1,5,No,4672926
1,5,No,4824430
1,5,No,5024162
1,5,No,4732679
1,5,No,4550797
1,5,No,4630447
1,5,No,5917598
1,5,No,5290964
1,5,No,5586773
1,5,Sí,5394180
1,5,Sí,3984421
1,5,Sí,4304070
1,5,Sí,4191092
1,5,Sí,4730596
1,5,Sí,5738734
1,5,Sí,5721392
1,5,Sí,5152153
1,5,Sí,5184085
1,5,Sí,5654219
1,5,Sí,5773468
1,5,Sí,6012678
1,5,Sí,6223815
1,5,Sí,6008883
1,5,Sí,6172500
1,5,Sí,7089299
1,5,Sí,6872491
1,5,Sí,4304394
1,5,Sí,4213528
1,5,Sí,5051556
1,5,Sí,5985900
1,5,Sí,5170281
1,5,Sí,4019334
1,5,Sí,4028391
1,5,Sí,5749694
1,5,Sí,5529145
1,5,Sí,5209350
1,5,Sí,4337024
1,5,Sí,4504478
1,5,Sí,4244225
1,5,Sí,3948599
1,5,Sí,3995852
1,5,Sí,4070441
1,5,Sí,4110691
1,5,Sí,4118353
1,5,Sí,5624141
1,5,Sí,5495270
1,5,Sí,5554251
1,5,Sí,5997523
1,5,Sí,6204455
1,5,Sí,4018551
1,5,Sí,4113523
1,5,Sí,4954820
1,5,Sí,4262453
1,5,Sí,4212396
1,5,Sí,3991397
1,5,Sí,4990878
1,5,Sí,4124206
1,5,Sí,4014869
1,5,Sí,4242752
2,1,No,5036795
2,1,No,4992387
2,1,No,6721576
2,1,No,5036300
2,1,No,5300095
2,1,No,6340853
2,1,No,6468342
2,1,No,6504239
2,1,No,7025216
2,1,No,6457848
2,1,No,5043154
2,1,No,5636244
2,1,No,7151826
2,1,No,6584038
2,1,No,5204858
2,1,No,5806900
2,1,No,7786252
2,1,No,5619585
2,1,No,5132551
2,1,No,5087923
2,1,No,5155640
2,1,No,4983987
2,1,No,5015702
2,1,No,4995732
2,1,No,5177830
2,1,No,5007469
2,1,No,4944112
2,1,No,4980094
2,1,No,7465668
2,1,No,6550134
2,1,No,7001372
2,1,No,5764898
2,1,No,4920360
2,1,No,4961146
2,1,No,5010287
2,1,No,4958767
2,1,No,4922116
2,1,No,5033056
2,1,No,7178906
2,1,No,6196087
2,1,No,5031016
2,1,No,5458395
2,1,No,5108073
2,1,No,5097627
2,1,No,4973615
2,1,No,4901210
2,1,No,4982965
2,1,No,5098919
2,1,No,4880045
2,1,No,5040699
2,1,Sí,3994868
2,1,Sí,3700276
2,1,Sí,3319820
2,1,Sí,3262226
2,1,Sí,3263126
2,1,Sí,3380179
2,1,Sí,3287592
2,1,Sí,3402657
2,1,Sí,3365281
2,1,Sí,3326042
2,1,Sí,3412366
2,1,Sí,3279206
2,1,Sí,3335544
2,1,Sí,3383854
2,1,Sí,3305312
2,1,Sí,3339842
2,1,Sí,3303464
2,1,Sí,3685421
2,1,Sí,3360084
2,1,Sí,3360762
2,1,Sí,3329698
2,1,Sí,3339164
2,1,Sí,3286559
2,1,Sí,3312272
2,1,Sí,3346759
2,1,Sí,3461403
2,1,Sí,3348910
2,1,Sí,3367920
2,1,Sí,3265294
2,1,Sí,3360945
2,1,Sí,3514207
2,1,Sí,3347221
2,1,Sí,3305080
2,1,Sí,3374875
2,1,Sí,3311516
2,1,Sí,3406204
2,1,Sí,3325298
2,1,Sí,3348298
2,1,Sí,3344872
2,1,Sí,3292819
2,1,Sí,3444415
2,1,Sí,3336820
2,1,Sí,3406262
2,1,Sí,3310564
2,1,Sí,3339499
2,1,Sí,3401660
2,1,Sí,3436824
2,1,Sí,3814169
2,1,Sí,3327317
2,1,Sí,3328012
2,2,No,4622298
2,2,No,3733132
2,2,No,5519019
2,2,No,5159404
2,2,No,3750997
2,2,No,4133061
2,2,No,4331718
2,2,No,4808418
2,2,No,3609745
2,2,No,3645364
2,2,No,3791845
2,2,No,3996423
2,2,No,3584084
2,2,No,3584882
2,2,No,3654176
2,2,No,3842069
2,2,No,3650232
2,2,No,3763745
2,2,No,3671097
2,2,No,3627351
2,2,No,3889314
2,2,No,3599682
2,2,No,3543584
2,2,No,3632181
2,2,No,3920447
2,2,No,5432739
2,2,No,3825579
2,2,No,3662157
2,2,No,4013786
2,2,No,3884771
2,2,No,3584379
2,2,No,3593391
2,2,No,3657000
2,2,No,3643236
2,2,No,3868467
2,2,No,3621961
2,2,No,3811032
2,2,No,3636613
2,2,No,3552974
2,2,No,3601385
2,2,No,3866036
2,2,No,3573776
2,2,No,3996873
2,2,No,3636162
2,2,No,3569304
2,2,No,3569769
2,2,No,3657669
2,2,No,3566227
2,2,No,3918239
2,2,No,3931713
2,2,Sí,3393761
2,2,Sí,3405932
2,2,Sí,3290052
2,2,Sí,3277594
2,2,Sí,3273340
2,2,Sí,3360423
2,2,Sí,3381140
2,2,Sí,3330033
2,2,Sí,3299928
2,2,Sí,3340840
2,2,Sí,3307921
2,2,Sí,3410068
2,2,Sí,3306810
2,2,Sí,3270984
2,2,Sí,3418249
2,2,Sí,4628596
2,2,Sí,5252531
2,2,Sí,3479559
2,2,Sí,3318465
2,2,Sí,3297208
2,2,Sí,4007585
2,2,Sí,3574283
2,2,Sí,3303748
2,2,Sí,3334397
2,2,Sí,3311261
2,2,Sí,3404249
2,2,Sí,3800931
2,2,Sí,4014183
2,2,Sí,3326215
2,2,Sí,3415644
2,2,Sí,3308219
2,2,Sí,3992460
2,2,Sí,3298235
2,2,Sí,3330800
2,2,Sí,3416063
2,2,Sí,3359758
2,2,Sí,3346143
2,2,Sí,3245831
2,2,Sí,3324846
2,2,Sí,3416131
2,2,Sí,3299543
2,2,Sí,3349999
2,2,Sí,3353529
2,2,Sí,3315991
2,2,Sí,3409840
2,2,Sí,3329688
2,2,Sí,3366593
2,2,Sí,3339277
2,2,Sí,3318572
2,2,Sí,3306100
2,3,No,4210062
2,3,No,5083529
2,3,No,7026252
2,3,No,4135975
2,3,No,4138459
2,3,No,5016910
2,3,No,4827170
2,3,No,3875658
2,3,No,4461705
2,3,No,3487451
2,3,No,4067394
2,3,No,3841236
2,3,No,3970742
2,3,No,3642568
2,3,No,3749124
2,3,No,3672902
2,3,No,5003071
2,3,No,4021474
2,3,No,4081049
2,3,No,4512067
2,3,No,4007902
2,3,No,3654851
2,3,No,4450480
2,3,No,4425929
2,3,No,4804909
2,3,No,4151603
2,3,No,3871166
2,3,No,4399722
2,3,No,3978517
2,3,No,3542676
2,3,No,5078484
2,3,No,4297879
2,3,No,3591352
2,3,No,3963444
2,3,No,4898512
2,3,No,4958987
2,3,No,4922977
2,3,No,5190161
2,3,No,5234124
2,3,No,4177708
2,3,No,4400447
2,3,No,4138074
2,3,No,4693661
2,3,No,4114262
2,3,No,3496129
2,3,No,3846492
2,3,No,3913226
2,3,No,4107034
2,3,No,3697788
2,3,No,4004928
2,3,Sí,3565055
2,3,Sí,4144055
2,3,Sí,3303256
2,3,Sí,3365011
2,3,Sí,3516188
2,3,Sí,3382208
2,3,Sí,3280528
2,3,Sí,3246441
2,3,Sí,3341955
2,3,Sí,3467796
2,3,Sí,3336357
2,3,Sí,3356302
2,3,Sí,3357381
2,3,Sí,3352610
2,3,Sí,3270769
2,3,Sí,3315960
2,3,Sí,3291759
2,3,Sí,3249412
2,3,Sí,3353757
2,3,Sí,3375743
2,3,Sí,3445918
2,3,Sí,3363992
2,3,Sí,3306873
2,3,Sí,3287275
2,3,Sí,3331856
2,3,Sí,3366705
2,3,Sí,3320787
2,3,Sí,3289269
2,3,Sí,3370343
2,3,Sí,3394828
2,3,Sí,3264878
2,3,Sí,3362150
2,3,Sí,3255027
2,3,Sí,3291043
2,3,Sí,3405617
2,3,Sí,3328926
2,3,Sí,3273851
2,3,Sí,3425776
2,3,Sí,4429472
2,3,Sí,4152209
2,3,Sí,3352821
2,3,Sí,3334484
2,3,Sí,3278446
2,3,Sí,3488511
2,3,Sí,3267810
2,3,Sí,3341298
2,3,Sí,3370456
2,3,Sí,3269805
2,3,Sí,3416513
2,3,Sí,3352356
2,4,No,4760885
2,4,No,3557346
2,4,No,5110229
2,4,No,4453649
2,4,No,4477404
2,4,No,4493352
2,4,No,5486003
2,4,No,4388048
2,4,No,4172758
2,4,No,4552131
2,4,No,4731234
2,4,No,3930010
2,4,No,4290106
2,4,No,4168334
2,4,No,4168580
2,4,No,4113873
2,4,No,4077974
2,4,No,4679242
2,4,No,3989473
2,4,No,4047770
2,4,No,3737593
2,4,No,4463274
2,4,No,6802231
2,4,No,4364681
2,4,No,4443087
2,4,No,4215863
2,4,No,3689298
2,4,No,3910517
2,4,No,3819495
2,4,No,4107137
2,4,No,4555492
2,4,No,3853775
2,4,No,3937549
2,4,No,4595303
2,4,No,4148457
2,4,No,3808979
2,4,No,3608074
2,4,No,4513657
2,4,No,4134465
2,4,No,4411764
2,4,No,3764069
2,4,No,4086128
2,4,No,3760167
2,4,No,3666119
2,4,No,4025405
2,4,No,3874697
2,4,No,3878757
2,4,No,3858705
2,4,No,3797093
2,4,No,3956657
2,4,Sí,3357012
2,4,Sí,3873515
2,4,Sí,3310903
2,4,Sí,3316455
2,4,Sí,3957115
2,4,Sí,3273625
2,4,Sí,3249363
2,4,Sí,3337715
2,4,Sí,4298969
2,4,Sí,4544598
2,4,Sí,4129433
2,4,Sí,3276872
2,4,Sí,3327103
2,4,Sí,3514219
2,4,Sí,3296741
2,4,Sí,3290893
2,4,Sí,4053367
2,4,Sí,3344102
2,4,Sí,3376061
2,4,Sí,3378416
2,4,Sí,3352932
2,4,Sí,3334517
2,4,Sí,3996027
2,4,Sí,3779906
2,4,Sí,3340329
2,4,Sí,3864679
2,4,Sí,3257132
2,4,Sí,3348407
2,4,Sí,3331509
2,4,Sí,3175639
2,4,Sí,3925284
2,4,Sí,3316954
2,4,Sí,3423762
2,4,Sí,3263842
2,4,Sí,3322666
2,4,Sí,3813651
2,4,Sí,3521058
2,4,Sí,4118063
2,4,Sí,3361327
2,4,Sí,3263472
2,4,Sí,3372960
2,4,Sí,3406572
2,4,Sí,3207076
2,4,Sí,3374664
2,4,Sí,3333684
2,4,Sí,3344601
2,4,Sí,3279527
2,4,Sí,3405961
2,4,Sí,3347064
2,4,Sí,3304413
2,5,No,4383495
2,5,No,4131346
2,5,No,6204508
2,5,No,5167016
2,5,No,4427040
2,5,No,4817015
2,5,No,4461120
2,5,No,3764929
2,5,No,4204351
2,5,No,4463277
2,5,No,4219678
2,5,No,4153696
2,5,No,4287584
2,5,No,6214238
2,5,No,4102714
2,5,No,4340968
2,5,No,3846508
2,5,No,3981931
2,5,No,3995580
2,5,No,4248276
2,5,No,4249125
2,5,No,4094162
2,5,No,6459952
2,5,No,4545815
2,5,No,4166400
2,5,No,4991289
2,5,No,5749283
2,5,No,5855652
2,5,No,5602173
2,5,No,3878208
2,5,No,4617356
2,5,No,4609619
2,5,No,4102347
2,5,No,4004720
2,5,No,3693199
2,5,No,4422802
2,5,No,4605953
2,5,No,4082765
2,5,No,4154071
2,5,No,4263698
2,5,No,4150667
2,5,No,4512752
2,5,No,3900311
2,5,No,3767207
2,5,No,4514325
2,5,No,4039147
2,5,No,4305515
2,5,No,4474501
2,5,No,3871056
2,5,No,4249723
2,5,Sí,3410080
2,5,Sí,3469107
2,5,Sí,3309362
2,5,Sí,3418676
2,5,Sí,3509526
2,5,Sí,3311235
2,5,Sí,3898628
2,5,Sí,4198761
2,5,Sí,4136772
2,5,Sí,3326677
2,5,Sí,3320670
2,5,Sí,3400528
2,5,Sí,3441769
2,5,Sí,3577444
2,5,Sí,3300863
2,5,Sí,3609161
2,5,Sí,4020148
2,5,Sí,4130495
2,5,Sí,4442911
2,5,Sí,6666880
2,5,Sí,4246204
2,5,Sí,4474444
2,5,Sí,3594795
2,5,Sí,3395237
2,5,Sí,3308615
2,5,Sí,3837041
2,5,Sí,4007266
2,5,Sí,3301232
2,5,Sí,3346802
2,5,Sí,3347218
2,5,Sí,3458595
2,5,Sí,3395388
2,5,Sí,3408531
2,5,Sí,3272936
2,5,Sí,3572189
2,5,Sí,3714362
2,5,Sí,3323069
2,5,Sí,3325064
2,5,Sí,3470000
2,5,Sí,4219103
2,5,Sí,4271372
2,5,Sí,3538698
2,5,Sí,3419321
2,5,Sí,3320323
2,5,Sí,4240642
2,5,Sí,4129948
2,5,Sí,4118829
2,5,Sí,4412090
2,5,Sí,4738359
2,5,Sí,4630942
3,1,No,7499913
3,1,No,7191397
3,1,No,6095339
3,1,No,5046312
3,1,No,5571521
3,1,No,5103963
3,1,No,5160967
3,1,No,4968404
3,1,No,4806027
3,1,No,6127143
3,1,No,6879839
3,1,No,6874111
3,1,No,7292081
3,1,No,7160499
3,1,No,7411824
3,1,No,4909966
3,1,No,5766768
3,1,No,5938267
3,1,No,6163412
3,1,No,6251033
3,1,No,6885961
3,1,No,6901675
3,1,No,6395187
3,1,No,6223695
3,1,No,6831620
3,1,No,6932559
3,1,No,7248972
3,1,No,7324790
3,1,No,6467952
3,1,No,6482064
3,1,No,5019084
3,1,No,4715002
3,1,No,6748978
3,1,No,6247275
3,1,No,4870623
3,1,No,4824430
3,1,No,6178258
3,1,No,7061616
3,1,No,4969158
3,1,No,5158630
3,1,No,6748731
3,1,No,5095268
3,1,No,4929998
3,1,No,4817255
3,1,No,5953491
3,1,No,6670585
3,1,No,6851177
3,1,No,6896872
3,1,No,6927714
3,1,No,6469521
3,1,Sí,3555730
3,1,Sí,3054663
3,1,Sí,2897914
3,1,Sí,2973070
3,1,Sí,2972697
3,1,Sí,3181451
3,1,Sí,2864588
3,1,Sí,2927597
3,1,Sí,2969993
3,1,Sí,2912925
3,1,Sí,2882088
3,1,Sí,3058247
3,1,Sí,2903127
3,1,Sí,2963472
3,1,Sí,2923341
3,1,Sí,3510291
3,1,Sí,3089543
3,1,Sí,2927279
3,1,Sí,2928636
3,1,Sí,2939048
3,1,Sí,2957130
3,1,Sí,2964200
3,1,Sí,3067128
3,1,Sí,2991946
3,1,Sí,2977927
3,1,Sí,2949315
3,1,Sí,2978698
3,1,Sí,3086805
3,1,Sí,2958990
3,1,Sí,2936003
3,1,Sí,2950544
3,1,Sí,2922610
3,1,Sí,2941875
3,1,Sí,3063421
3,1,Sí,2949806
3,1,Sí,2945316
3,1,Sí,2961381
3,1,Sí,2893720
3,1,Sí,3092008
3,1,Sí,2976208
3,1,Sí,3019576
3,1,Sí,2961032
3,1,Sí,2940233
3,1,Sí,3040384
3,1,Sí,3073825
3,1,Sí,2999943
3,1,Sí,2972417
3,1,Sí,2965758
3,1,Sí,2997484
3,1,Sí,2968707
3,2,No,4503171
3,2,No,3726143
3,2,No,4583265
3,2,No,5032519
3,2,No,4136914
3,2,No,3563969
3,2,No,4197771
3,2,No,5179538
3,2,No,3775669
3,2,No,3630909
3,2,No,3790966
3,2,No,3677447
3,2,No,3545696
3,2,No,3884186
3,2,No,3538473
3,2,No,3540658
3,2,No,3664103
3,2,No,3722306
3,2,No,3552428
3,2,No,3578063
3,2,No,3539707
3,2,No,3612757
3,2,No,3765497
3,2,No,3873180
3,2,No,3591698
3,2,No,5325865
3,2,No,3928922
3,2,No,3858798
3,2,No,3814427
3,2,No,3649183
3,2,No,3956570
3,2,No,3595548
3,2,No,3746168
3,2,No,3791078
3,2,No,3832793
3,2,No,3687648
3,2,No,3694968
3,2,No,3635658
3,2,No,3683595
3,2,No,3594113
3,2,No,3545715
3,2,No,3665790
3,2,No,3609695
3,2,No,3619775
3,2,No,3843449
3,2,No,3726815
3,2,No,3611404
3,2,No,3673359
3,2,No,3578319
3,2,No,3569528
3,2,Sí,2984368
3,2,Sí,3004973
3,2,Sí,3147479
3,2,Sí,2972703
3,2,Sí,2988128
3,2,Sí,2934379
3,2,Sí,2943927
3,2,Sí,2935577
3,2,Sí,2968847
3,2,Sí,2946265
3,2,Sí,3412228
3,2,Sí,2976064
3,2,Sí,2883749
3,2,Sí,3000045
3,2,Sí,2951173
3,2,Sí,2983347
3,2,Sí,2923660
3,2,Sí,2972593
3,2,Sí,2975505
3,2,Sí,3020384
3,2,Sí,2886278
3,2,Sí,3009600
3,2,Sí,2905970
3,2,Sí,3108995
3,2,Sí,3160101
3,2,Sí,2891841
3,2,Sí,2982693
3,2,Sí,2885232
3,2,Sí,2903569
3,2,Sí,2907099
3,2,Sí,3092881
3,2,Sí,2910298
3,2,Sí,2892883
3,2,Sí,2917122
3,2,Sí,2999612
3,2,Sí,2936439
3,2,Sí,3042189
3,2,Sí,2950724
3,2,Sí,2954184
3,2,Sí,2908588
3,2,Sí,2944272
3,2,Sí,3128603
3,2,Sí,2943072
3,2,Sí,2907609
3,2,Sí,2997577
3,2,Sí,3028066
3,2,Sí,2973734
3,2,Sí,3034340
3,2,Sí,3003992
3,2,Sí,2922829
3,3,No,3994720
3,3,No,3868971
3,3,No,4602836
3,3,No,5634140
3,3,No,4058802
3,3,No,3969227
3,3,No,6102056
3,3,No,3974525
3,3,No,3740679
3,3,No,4089219
3,3,No,4105990
3,3,No,4491688
3,3,No,3646757
3,3,No,4079943
3,3,No,5466515
3,3,No,3996129
3,3,No,3967174
3,3,No,4249592
3,3,No,4719436
3,3,No,7585079
3,3,No,6976495
3,3,No,8471451
3,3,No,7286921
3,3,No,7119458
3,3,No,3637770
3,3,No,6196492
3,3,No,3950406
3,3,No,3888174
3,3,No,3913366
3,3,No,5370264
3,3,No,3677613
3,3,No,3947438
3,3,No,4017490
3,3,No,5443921
3,3,No,3883706
3,3,No,4091179
3,3,No,3870893
3,3,No,3999403
3,3,No,3707161
3,3,No,4055228
3,3,No,4573039
3,3,No,4189936
3,3,No,3991701
3,3,No,4169265
3,3,No,4208771
3,3,No,4240697
3,3,No,3862985
3,3,No,4103449
3,3,No,3949962
3,3,No,3679526
3,3,Sí,2994257
3,3,Sí,3050386
3,3,Sí,2885663
3,3,Sí,3189420
3,3,Sí,2938269
3,3,Sí,2932516
3,3,Sí,2939448
3,3,Sí,2957475
3,3,Sí,2945816
3,3,Sí,3129697
3,3,Sí,2984216
3,3,Sí,2884718
3,3,Sí,3048840
3,3,Sí,2980607
3,3,Sí,3033432
3,3,Sí,2957678
3,3,Sí,2905507
3,3,Sí,2921785
3,3,Sí,2869353
3,3,Sí,2905884
3,3,Sí,3073218
3,3,Sí,2968545
3,3,Sí,2917317
3,3,Sí,2873182
3,3,Sí,2994814
3,3,Sí,2872032
3,3,Sí,3098105
3,3,Sí,2882861
3,3,Sí,2882096
3,3,Sí,2881518
3,3,Sí,2884675
3,3,Sí,3100661
3,3,Sí,3010702
3,3,Sí,2961876
3,3,Sí,3023412
3,3,Sí,2932356
3,3,Sí,3018651
3,3,Sí,3033242
3,3,Sí,3010565
3,3,Sí,2904772
3,3,Sí,2897084
3,3,Sí,2991821
3,3,Sí,3110766
3,3,Sí,2973412
3,3,Sí,2951475
3,3,Sí,2971110
3,3,Sí,2885439
3,3,Sí,2891497
3,3,Sí,3048263
3,3,Sí,2928815
3,4,No,3914418
3,4,No,4704807
3,4,No,4809728
3,4,No,5441225
3,4,No,4505432
3,4,No,3923135
3,4,No,5537794
3,4,No,3883769
3,4,No,3792429
3,4,No,3643177
3,4,No,3762392
3,4,No,4102774
3,4,No,3753943
3,4,No,3695210
3,4,No,3715858
3,4,No,3780479
3,4,No,3978078
3,4,No,3607172
3,4,No,3676926
3,4,No,4040370
3,4,No,3747871
3,4,No,3811077
3,4,No,3859635
3,4,No,3756775
3,4,No,4765948
3,4,No,5182387
3,4,No,3964875
3,4,No,3600303
3,4,No,3575834
3,4,No,4241256
3,4,No,5822786
3,4,No,3808482
3,4,No,4174029
3,4,No,3981074
3,4,No,4141979
3,4,No,3719649
3,4,No,3612081
3,4,No,3539971
3,4,No,3777937
3,4,No,4302288
3,4,No,3779135
3,4,No,4017290
3,4,No,4351997
3,4,No,4459358
3,4,No,3746235
3,4,No,4313523
3,4,No,3677321
3,4,No,3673183
3,4,No,4280971
3,4,No,3781025
3,4,Sí,2975182
3,4,Sí,2900493
3,4,Sí,3076147
3,4,Sí,2913482
3,4,Sí,2949331
3,4,Sí,2875679
3,4,Sí,2936606
3,4,Sí,2889876
3,4,Sí,3046562
3,4,Sí,2930949
3,4,Sí,2922055
3,4,Sí,2986498
3,4,Sí,2935440
3,4,Sí,2982320
3,4,Sí,2884149
3,4,Sí,2904832
3,4,Sí,3758789
3,4,Sí,3304671
3,4,Sí,2941946
3,4,Sí,3257982
3,4,Sí,2904055
3,4,Sí,2911042
3,4,Sí,2903974
3,4,Sí,3174984
3,4,Sí,3041130
3,4,Sí,2990017
3,4,Sí,2992380
3,4,Sí,3031924
3,4,Sí,2903225
3,4,Sí,2883597
3,4,Sí,3027818
3,4,Sí,2945435
3,4,Sí,3013665
3,4,Sí,2915996
3,4,Sí,2875214
3,4,Sí,3035768
3,4,Sí,2857213
3,4,Sí,2929404
3,4,Sí,2919533
3,4,Sí,2961581
3,4,Sí,2889301
3,4,Sí,3043461
3,4,Sí,2954385
3,4,Sí,2908943
3,4,Sí,2922922
3,4,Sí,2835871
3,4,Sí,2883904
3,4,Sí,3009307
3,4,Sí,2924939
3,4,Sí,2889129
3,5,No,4111193
3,5,No,4299434
3,5,No,5644767
3,5,No,4544120
3,5,No,3651859
3,5,No,4761023
3,5,No,5524171
3,5,No,4371291
3,5,No,4682967
3,5,No,3951077
3,5,No,4307531
3,5,No,3666017
3,5,No,4028339
3,5,No,4249017
3,5,No,3797550
3,5,No,3778979
3,5,No,3975426
3,5,No,4116277
3,5,No,4305414
3,5,No,4277487
3,5,No,4120304
3,5,No,3942334
3,5,No,4324855
3,5,No,6356027
3,5,No,3922831
3,5,No,4049011
3,5,No,4101992
3,5,No,4875164
3,5,No,5954378
3,5,No,5005734
3,5,No,4034124
3,5,No,6187457
3,5,No,4331947
3,5,No,4281409
3,5,No,3846857
3,5,No,4713958
3,5,No,4300778
3,5,No,4407685
3,5,No,4355745
3,5,No,4813833
3,5,No,4337365
3,5,No,4174271
3,5,No,3850445
3,5,No,4133014
3,5,No,3905167
3,5,No,4051484
3,5,No,4118306
3,5,No,4121711
3,5,No,4098310
3,5,No,4225987
3,5,Sí,2972336
3,5,Sí,3248119
3,5,Sí,3039016
3,5,Sí,2954054
3,5,Sí,3030054
3,5,Sí,2947407
3,5,Sí,3122349
3,5,Sí,3029281
3,5,Sí,2972286
3,5,Sí,2997930
3,5,Sí,3005900
3,5,Sí,2992621
3,5,Sí,3125124
3,5,Sí,3021727
3,5,Sí,2997120
3,5,Sí,2973768
3,5,Sí,2890374
3,5,Sí,3181773
3,5,Sí,3024816
3,5,Sí,2965662
3,5,Sí,2999333
3,5,Sí,2947233
3,5,Sí,2972716
3,5,Sí,3107458
3,5,Sí,2979957
3,5,Sí,3017224
3,5,Sí,3018446
3,5,Sí,2951427
3,5,Sí,2897418
3,5,Sí,3181580
3,5,Sí,3002584
3,5,Sí,3327023
3,5,Sí,2993559
3,5,Sí,2930564
3,5,Sí,3028571
3,5,Sí,3017008
3,5,Sí,2974400
3,5,Sí,3049213
3,5,Sí,3022719
3,5,Sí,3009253
3,5,Sí,3451808
3,5,Sí,2956153
3,5,Sí,5286133
3,5,Sí,7941738
3,5,Sí,7767831
3,5,Sí,4180449
3,5,Sí,3996776
3,5,Sí,4987963
3,5,Sí,3038188
3,5,Sí,2937810
4,1,No,5825047
4,1,No,6089047
4,1,No,4950985
4,1,No,5498830
4,1,No,6033237
4,1,No,6059873
4,1,No,6376891
4,1,No,5028166
4,1,No,5015845
4,1,No,5032815
4,1,No,4950681
4,1,No,4765786
4,1,No,5025947
4,1,No,5013055
4,1,No,4876781
4,1,No,5318554
4,1,No,6153409
4,1,No,6098326
4,1,No,5800548
4,1,No,5112373
4,1,No,5478726
4,1,No,5272186
4,1,No,5460041
4,1,No,4813810
4,1,No,4872174
4,1,No,6326637
4,1,No,6428599
4,1,No,6518443
4,1,No,6466969
4,1,No,6411977
4,1,No,6008602
4,1,No,4812673
4,1,No,5638883
4,1,No,5302338
4,1,No,4855203
4,1,No,4848210
4,1,No,4924949
4,1,No,4740232
4,1,No,4878463
4,1,No,6147138
4,1,No,5186971
4,1,No,4790913
4,1,No,6417304
4,1,No,4889805
4,1,No,4791194
4,1,No,4990498
4,1,No,5078332
4,1,No,4947308
4,1,No,5533308
4,1,No,5142404
4,1,Sí,3923367
4,1,Sí,3141567
4,1,Sí,3133935
4,1,Sí,3084961
4,1,Sí,3323587
4,1,Sí,3102628
4,1,Sí,3057185
4,1,Sí,3143345
4,1,Sí,3100982
4,1,Sí,3296247
4,1,Sí,3178419
4,1,Sí,3148520
4,1,Sí,3135474
4,1,Sí,3086104
4,1,Sí,3193399
4,1,Sí,3113584
4,1,Sí,3067543
4,1,Sí,3116370
4,1,Sí,3156139
4,1,Sí,3071419
4,1,Sí,3045932
4,1,Sí,3187246
4,1,Sí,3141693
4,1,Sí,3045217
4,1,Sí,3073025
4,1,Sí,3098781
4,1,Sí,3142153
4,1,Sí,3215638
4,1,Sí,3085723
4,1,Sí,3095872
4,1,Sí,3178427
4,1,Sí,3136033
4,1,Sí,3073675
4,1,Sí,3140207
4,1,Sí,3130745
4,1,Sí,3115159
4,1,Sí,3270942
4,1,Sí,3077616
4,1,Sí,3208817
4,1,Sí,3105139
4,1,Sí,3639748
4,1,Sí,3310516
4,1,Sí,3137790
4,1,Sí,3117809
4,1,Sí,3081159
4,1,Sí,3116119
4,1,Sí,3196507
4,1,Sí,3131600
4,1,Sí,3035203
4,1,Sí,3138155
4,2,No,4355568
4,2,No,4536206
4,2,No,4449850
4,2,No,5125734
4,2,No,3848695
4,2,No,3742521
4,2,No,4355480
4,2,No,4815601
4,2,No,4001198
4,2,No,3691355
4,2,No,3764160
4,2,No,3705042
4,2,No,3648678
4,2,No,3658972
4,2,No,3554654
4,2,No,3654447
4,2,No,3518867
4,2,No,3631716
4,2,No,3630658
4,2,No,3740486
4,2,No,3656857
4,2,No,3523646
4,2,No,3760927
4,2,No,3545720
4,2,No,3714941
4,2,No,7751643
4,2,No,3625494
4,2,No,3687997
4,2,No,3714739
4,2,No,3566504
4,2,No,3730722
4,2,No,3773070
4,2,No,3599715
4,2,No,3562783
4,2,No,3682197
4,2,No,3703513
4,2,No,3667112
4,2,No,3641232
4,2,No,3523397
4,2,No,3825306
4,2,No,3713171
4,2,No,3648945
4,2,No,3682519
4,2,No,3551471
4,2,No,3698947
4,2,No,3551958
4,2,No,3647506
4,2,No,3650864
4,2,No,3789306
4,2,No,3718919
4,2,Sí,3276274
4,2,Sí,3164231
4,2,Sí,3245841
4,2,Sí,3469490
4,2,Sí,3206472
4,2,Sí,3221257
4,2,Sí,3171682
4,2,Sí,3136161
4,2,Sí,3290309
4,2,Sí,3193018
4,2,Sí,3212469
4,2,Sí,3130781
4,2,Sí,3163893
4,2,Sí,3183402
4,2,Sí,3121462
4,2,Sí,3088987
4,2,Sí,3108800
4,2,Sí,3189259
4,2,Sí,3143475
4,2,Sí,3145770
4,2,Sí,3127231
4,2,Sí,3169517
4,2,Sí,3176653
4,2,Sí,3126323
4,2,Sí,3355090
4,2,Sí,3260511
4,2,Sí,3223470
4,2,Sí,4068524
4,2,Sí,3040776
4,2,Sí,3483184
4,2,Sí,3183773
4,2,Sí,3216485
4,2,Sí,3132950
4,2,Sí,3208892
4,2,Sí,3393990
4,2,Sí,3165512
4,2,Sí,3164414
4,2,Sí,3213555
4,2,Sí,3071825
4,2,Sí,3306526
4,2,Sí,3218784
4,2,Sí,3116614
4,2,Sí,3152166
4,2,Sí,3202363
4,2,Sí,3288940
4,2,Sí,3180288
4,2,Sí,3146935
4,2,Sí,3077057
4,2,Sí,3138663
4,2,Sí,3166453
4,3,No,3803508
4,3,No,3895035
4,3,No,4292796
4,3,No,4448230
4,3,No,4189002
4,3,No,4093675
4,3,No,4436640
4,3,No,5315918
4,3,No,3900087
4,3,No,3541307
4,3,No,3917676
4,3,No,4199117
4,3,No,3859408
4,3,No,3920955
4,3,No,3933401
4,3,No,4082680
4,3,No,4057944
4,3,No,4046288
4,3,No,3921808
4,3,No,4106893
4,3,No,3979700
4,3,No,3531458
4,3,No,3890354
4,3,No,3529798
4,3,No,6792262
4,3,No,3756890
4,3,No,3653219
4,3,No,4297086
4,3,No,3843172
4,3,No,3925355
4,3,No,4292914
4,3,No,4274806
4,3,No,3965386
4,3,No,4087232
4,3,No,3918794
4,3,No,4015815
4,3,No,4208279
4,3,No,4070784
4,3,No,3926091
4,3,No,3515928
4,3,No,3535343
4,3,No,3844004
4,3,No,4620065
4,3,No,3676310
4,3,No,3964288
4,3,No,4215295
4,3,No,3664976
4,3,No,3822143
4,3,No,3928010
4,3,No,3969095
4,3,Sí,3078113
4,3,Sí,3143585
4,3,Sí,3105781
4,3,Sí,3236350
4,3,Sí,3205834
4,3,Sí,3153900
4,3,Sí,3066336
4,3,Sí,3100903
4,3,Sí,3092070
4,3,Sí,3253715
4,3,Sí,3177298
4,3,Sí,3121928
4,3,Sí,3125576
4,3,Sí,3171671
4,3,Sí,3390876
4,3,Sí,3222910
4,3,Sí,3113607
4,3,Sí,3223984
4,3,Sí,3182547
4,3,Sí,3268626
4,3,Sí,3099567
4,3,Sí,3085953
4,3,Sí,4659521
4,3,Sí,3129029
4,3,Sí,3242292
4,3,Sí,3084846
4,3,Sí,3112152
4,3,Sí,3099057
4,3,Sí,3140364
4,3,Sí,3320480
4,3,Sí,3217212
4,3,Sí,3191124
4,3,Sí,3078404
4,3,Sí,3146164
4,3,Sí,3153062
4,3,Sí,3106671
4,3,Sí,3129543
4,3,Sí,3015333
4,3,Sí,3154664
4,3,Sí,3082723
4,3,Sí,3175293
4,3,Sí,3138927
4,3,Sí,3078261
4,3,Sí,3116072
4,3,Sí,3115148
4,3,Sí,3274488
4,3,Sí,3148041
4,3,Sí,3139386
4,3,Sí,3049770
4,3,Sí,3004766
4,4,No,3945675
4,4,No,3931439
4,4,No,4337670
4,4,No,4497985
4,4,No,4217113
4,4,No,3973995
4,4,No,4365064
4,4,No,4754135
4,4,No,3549032
4,4,No,3870678
4,4,No,3595993
4,4,No,4103565
4,4,No,4064029
4,4,No,3825672
4,4,No,3914781
4,4,No,4144769
4,4,No,3510037
4,4,No,3710933
4,4,No,4087945
4,4,No,3868557
4,4,No,3904689
4,4,No,3974224
4,4,No,3670158
4,4,No,3604878
4,4,No,3773702
4,4,No,4625557
4,4,No,3668094
4,4,No,3631073
4,4,No,3644217
4,4,No,4268131
4,4,No,3635271
4,4,No,3618117
4,4,No,3746069
4,4,No,4037164
4,4,No,3728629
4,4,No,3826009
4,4,No,3641236
4,4,No,3474417
4,4,No,4091551
4,4,No,3980074
4,4,No,3701808
4,4,No,5854020
4,4,No,3908998
4,4,No,3763501
4,4,No,3599084
4,4,No,3766624
4,4,No,4112520
4,4,No,3534767
4,4,No,3840685
4,4,No,3689934
4,4,Sí,3142781
4,4,Sí,3151308
4,4,Sí,3123167
4,4,Sí,3138365
4,4,Sí,3098800
4,4,Sí,3114048
4,4,Sí,3124963
4,4,Sí,3167144
4,4,Sí,2964510
4,4,Sí,3108276
4,4,Sí,3107027
4,4,Sí,3138331
4,4,Sí,3449865
4,4,Sí,3107682
4,4,Sí,3168996
4,4,Sí,3131302
4,4,Sí,3153351
4,4,Sí,3264222
4,4,Sí,3137246
4,4,Sí,3139779
4,4,Sí,3142564
4,4,Sí,3115787
4,4,Sí,3096792
4,4,Sí,3196095
4,4,Sí,3131618
4,4,Sí,3080935
4,4,Sí,3085676
4,4,Sí,3077998
4,4,Sí,3348802
4,4,Sí,3114477
4,4,Sí,3144203
4,4,Sí,3109409
4,4,Sí,3128558
4,4,Sí,3158281
4,4,Sí,3118871
4,4,Sí,3127432
4,4,Sí,3069469
4,4,Sí,3056004
4,4,Sí,3166991
4,4,Sí,3057324
4,4,Sí,3079664
4,4,Sí,3103339
4,4,Sí,3129330
4,4,Sí,3101542
4,4,Sí,3236334
4,4,Sí,3134713
4,4,Sí,3109446
4,4,Sí,3161383
4,4,Sí,3198713
4,4,Sí,3369622
4,5,No,4391748
4,5,No,3748979
4,5,No,4780282
4,5,No,5087273
4,5,No,4303857
4,5,No,4888897
4,5,No,6384971
4,5,No,4098996
4,5,No,4490948
4,5,No,3633949
4,5,No,4143283
4,5,No,3617619
4,5,No,3808903
4,5,No,4229710
4,5,No,4035568
4,5,No,4297932
4,5,No,3855768
4,5,No,3617816
4,5,No,4344083
4,5,No,3757445
4,5,No,4196633
4,5,No,4259131
4,5,No,4537653
4,5,No,4385619
4,5,No,4550240
4,5,No,4396497
4,5,No,4131765
4,5,No,3610867
4,5,No,4201454
4,5,No,4408992
4,5,No,4013275
4,5,No,3711969
4,5,No,3599663
4,5,No,4186818
4,5,No,4017725
4,5,No,4460135
4,5,No,3773363
4,5,No,4070105
4,5,No,4208059
4,5,No,3745753
4,5,No,3882318
4,5,No,3759602
4,5,No,3785307
4,5,No,3727299
4,5,No,4227895
4,5,No,3785649
4,5,No,4184308
4,5,No,3947562
4,5,No,4051424
4,5,No,3949961
4,5,Sí,3267281
4,5,Sí,3204255
4,5,Sí,3119313
4,5,Sí,3087378
4,5,Sí,3120457
4,5,Sí,3226665
4,5,Sí,3167062
4,5,Sí,3287465
4,5,Sí,3102144
4,5,Sí,3156174
4,5,Sí,3202265
4,5,Sí,3096239
4,5,Sí,3296036
4,5,Sí,3110213
4,5,Sí,3124954
4,5,Sí,3122487
4,5,Sí,3181359
4,5,Sí,3169720
4,5,Sí,3115796
4,5,Sí,3108801
4,5,Sí,3083327
4,5,Sí,3206499
4,5,Sí,3271359
4,5,Sí,3132853
4,5,Sí,3166097
4,5,Sí,3102306
4,5,Sí,3173582
4,5,Sí,3235059
4,5,Sí,3320824
4,5,Sí,3155495
4,5,Sí,3167701
4,5,Sí,3232846
4,5,Sí,3170054
4,5,Sí,3304201
4,5,Sí,3099527
4,5,Sí,3113142
4,5,Sí,3235466
4,5,Sí,3160538
4,5,Sí,3186214
4,5,Sí,3231120
4,5,Sí,3146480
4,5,Sí,3150432
4,5,Sí,3174663
4,5,Sí,3167160
4,5,Sí,3172069
4,5,Sí,3123083
4,5,Sí,3161924
4,5,Sí,3123090
4,5,Sí,3199878
4,5,Sí,3413878
5,1,No,5300039
5,1,No,4815341
5,1,No,6393396
5,1,No,4921253
5,1,No,5066210
5,1,No,5667939
5,1,No,5126014
5,1,No,4929417
5,1,No,5273648
5,1,No,5036965
5,1,No,6458584
5,1,No,7041723
5,1,No,6616461
5,1,No,6964259
5,1,No,6813118
5,1,No,7920383
5,1,No,5008623
5,1,No,6685650
5,1,No,4889652
5,1,No,5173381
5,1,No,4960030
5,1,No,4945956
5,1,No,5069614
5,1,No,4788800
5,1,No,4774433
5,1,No,4811645
5,1,No,4969425
5,1,No,4973062
5,1,No,5948726
5,1,No,5062367
5,1,No,4970308
5,1,No,4848948
5,1,No,4982180
5,1,No,4969134
5,1,No,4967201
5,1,No,5001695
5,1,No,4943361
5,1,No,4773414
5,1,No,6065925
5,1,No,5117992
5,1,No,4976010
5,1,No,4944651
5,1,No,5112194
5,1,No,4814534
5,1,No,4909426
5,1,No,4916122
5,1,No,4807617
5,1,No,4947409
5,1,No,6180322
5,1,No,4908003
5,1,Sí,2704684
5,1,Sí,2662223
5,1,Sí,2660200
5,1,Sí,2651948
5,1,Sí,2815646
5,1,Sí,2627661
5,1,Sí,2593617
5,1,Sí,2696221
5,1,Sí,2564114
5,1,Sí,2590747
5,1,Sí,2841731
5,1,Sí,2675825
5,1,Sí,2628722
5,1,Sí,2703097
5,1,Sí,2572704
5,1,Sí,2565177
5,1,Sí,2840198
5,1,Sí,2575945
5,1,Sí,2661685
5,1,Sí,2624180
5,1,Sí,2660748
5,1,Sí,2914373
5,1,Sí,2711927
5,1,Sí,2832049
5,1,Sí,2621050
5,1,Sí,2618516
5,1,Sí,2695249
5,1,Sí,2666456
5,1,Sí,2718466
5,1,Sí,2873785
5,1,Sí,2699702
5,1,Sí,2649216
5,1,Sí,2670455
5,1,Sí,2645506
5,1,Sí,2711313
5,1,Sí,2768265
5,1,Sí,2637656
5,1,Sí,2670089
5,1,Sí,2693471
5,1,Sí,2710196
5,1,Sí,2634754
5,1,Sí,2933757
5,1,Sí,2712018
5,1,Sí,2563560
5,1,Sí,2688528
5,1,Sí,2614161
5,1,Sí,2703323
5,1,Sí,2833010
5,1,Sí,2668439
5,1,Sí,2603474
5,2,No,3998462
5,2,No,3604667
5,2,No,4399946
5,2,No,5714764
5,2,No,3909911
5,2,No,3681787
5,2,No,4610122
5,2,No,5831796
5,2,No,4721483
5,2,No,3622532
5,2,No,3613732
5,2,No,3724976
5,2,No,3560500
5,2,No,4058276
5,2,No,3588070
5,2,No,3663246
5,2,No,3574094
5,2,No,3642524
5,2,No,3625105
5,2,No,3675832
5,2,No,3581975
5,2,No,3725278
5,2,No,3742138
5,2,No,3837051
5,2,No,3602600
5,2,No,4981697
5,2,No,3744328
5,2,No,3611632
5,2,No,3669963
5,2,No,3555727
5,2,No,3835416
5,2,No,3926942
5,2,No,3717240
5,2,No,3659333
5,2,No,3550946
5,2,No,3595800
5,2,No,3773807
5,2,No,3701712
5,2,No,3663280
5,2,No,3641371
5,2,No,3667404
5,2,No,3786215
5,2,No,3622525
5,2,No,3518692
5,2,No,3651318
5,2,No,3624440
5,2,No,4652402
5,2,No,3550922
5,2,No,3574293
5,2,No,3812961
5,2,Sí,2710990
5,2,Sí,2716967
5,2,Sí,2679602
5,2,Sí,2705209
5,2,Sí,2662774
5,2,Sí,2792267
5,2,Sí,2638740
5,2,Sí,2631082
5,2,Sí,2707027
5,2,Sí,2669152
5,2,Sí,2636151
5,2,Sí,2773445
5,2,Sí,2680861
5,2,Sí,2657495
5,2,Sí,2656532
5,2,Sí,3150796
5,2,Sí,4620190
5,2,Sí,3008779
5,2,Sí,2732303
5,2,Sí,2750633
5,2,Sí,2645769
5,2,Sí,2654202
5,2,Sí,2768188
5,2,Sí,2967354
5,2,Sí,2729937
5,2,Sí,2606158
5,2,Sí,2918505
5,2,Sí,2742966
5,2,Sí,2786148
5,2,Sí,2797465
5,2,Sí,2659455
5,2,Sí,2742250
5,2,Sí,2665068
5,2,Sí,2600287
5,2,Sí,2735828
5,2,Sí,2949675
5,2,Sí,2712035
5,2,Sí,2596106
5,2,Sí,2590888
5,2,Sí,2621441
5,2,Sí,2595894
5,2,Sí,2827753
5,2,Sí,2747373
5,2,Sí,2704632
5,2,Sí,2743350
5,2,Sí,2687899
5,2,Sí,2653675
5,2,Sí,2770550
5,2,Sí,2679176
5,2,Sí,2734137
5,3,No,4123547
5,3,No,4092985
5,3,No,4166886
5,3,No,4862443
5,3,No,3967627
5,3,No,3398926
5,3,No,4573434
5,3,No,5039448
5,3,No,3551371
5,3,No,4141224
5,3,No,4129236
5,3,No,4116561
5,3,No,3891222
5,3,No,3971149
5,3,No,4488927
5,3,No,3534966
5,3,No,4684778
5,3,No,3835032
5,3,No,3821883
5,3,No,3992510
5,3,No,3537377
5,3,No,3917614
5,3,No,4032786
5,3,No,3892058
5,3,No,5776950
5,3,No,4029055
5,3,No,3661244
5,3,No,3953480
5,3,No,4036630
5,3,No,4029478
5,3,No,4122719
5,3,No,4061576
5,3,No,4059873
5,3,No,4089432
5,3,No,3937599
5,3,No,3408207
5,3,No,3531388
5,3,No,3601365
5,3,No,4028846
5,3,No,4041330
5,3,No,4041701
5,3,No,3960555
5,3,No,3864719
5,3,No,4071728
5,3,No,3853118
5,3,No,4199265
5,3,No,3892342
5,3,No,3883765
5,3,No,3964847
5,3,No,3843411
5,3,Sí,2692282
5,3,Sí,2764585
5,3,Sí,2925772
5,3,Sí,2681536
5,3,Sí,2644371
5,3,Sí,2682989
5,3,Sí,2566099
5,3,Sí,2611468
5,3,Sí,2928740
5,3,Sí,2657460
5,3,Sí,2619825
5,3,Sí,2668811
5,3,Sí,2592409
5,3,Sí,2652420
5,3,Sí,2638652
5,3,Sí,2764353
5,3,Sí,2779469
5,3,Sí,2630017
5,3,Sí,2677174
5,3,Sí,2772684
5,3,Sí,2617494
5,3,Sí,2878918
5,3,Sí,2667994
5,3,Sí,2631397
5,3,Sí,2622635
5,3,Sí,2598746
5,3,Sí,2668202
5,3,Sí,2769785
5,3,Sí,2634464
5,3,Sí,2656045
5,3,Sí,2968148
5,3,Sí,2718473
5,3,Sí,2674021
5,3,Sí,2868525
5,3,Sí,2604447
5,3,Sí,3069983
5,3,Sí,2614332
5,3,Sí,2623134
5,3,Sí,2652422
5,3,Sí,2778779
5,3,Sí,2663356
5,3,Sí,2628061
5,3,Sí,2668635
5,3,Sí,2607731
5,3,Sí,2655988
5,3,Sí,2731516
5,3,Sí,2566011
5,3,Sí,2709972
5,3,Sí,2687207
5,3,Sí,2629208
5,4,No,4119230
5,4,No,3987644
5,4,No,9863044
5,4,No,4486449
5,4,No,4338621
5,4,No,6012703
5,4,No,5158717
5,4,No,4363184
5,4,No,5366255
5,4,No,4341702
5,4,No,4496492
5,4,No,3661427
5,4,No,5683179
5,4,No,4479954
5,4,No,4054023
5,4,No,3544812
5,4,No,3694436
5,4,No,3596083
5,4,No,3881533
5,4,No,3782209
5,4,No,3974629
5,4,No,5957492
5,4,No,4311209
5,4,No,3592196
5,4,No,3750537
5,4,No,3880599
5,4,No,3578317
5,4,No,4000381
5,4,No,3793436
5,4,No,3474774
5,4,No,4071979
5,4,No,3811844
5,4,No,4090888
5,4,No,4014896
5,4,No,3627216
5,4,No,4004827
5,4,No,4009741
5,4,No,3975471
5,4,No,6060039
5,4,No,3792684
5,4,No,3686993
5,4,No,3882721
5,4,No,3637605
5,4,No,3847649
5,4,No,3925422
5,4,No,3964004
5,4,No,4028110
5,4,No,3846087
5,4,No,3952422
5,4,No,3730652
5,4,Sí,2649180
5,4,Sí,2607931
5,4,Sí,2793598
5,4,Sí,2662946
5,4,Sí,2640651
5,4,Sí,2621573
5,4,Sí,2632060
5,4,Sí,2658494
5,4,Sí,2884799
5,4,Sí,2713309
5,4,Sí,2620504
5,4,Sí,2593530
5,4,Sí,2675251
5,4,Sí,2676094
5,4,Sí,2594799
5,4,Sí,3012430
5,4,Sí,2660246
5,4,Sí,2764480
5,4,Sí,2650193
5,4,Sí,2643415
5,4,Sí,2646109
5,4,Sí,2843231
5,4,Sí,2664524
5,4,Sí,2627880
5,4,Sí,2657229
5,4,Sí,2587536
5,4,Sí,2556688
5,4,Sí,2957176
5,4,Sí,2641671
5,4,Sí,2635573
5,4,Sí,2631357
5,4,Sí,2700892
5,4,Sí,2676224
5,4,Sí,2772060
5,4,Sí,2685604
5,4,Sí,2676377
5,4,Sí,2597323
5,4,Sí,2603611
5,4,Sí,2630723
5,4,Sí,2621897
5,4,Sí,2819581
5,4,Sí,2725320
5,4,Sí,2779257
5,4,Sí,2731202
5,4,Sí,2571498
5,4,Sí,2696611
5,4,Sí,2758532
5,4,Sí,2642914
5,4,Sí,2643498
5,4,Sí,2692755
5,5,No,3912631
5,5,No,4238766
5,5,No,5726359
5,5,No,5258179
5,5,No,4173818
5,5,No,4537524
5,5,No,5162649
5,5,No,3952772
5,5,No,4180143
5,5,No,4283233
5,5,No,4178285
5,5,No,3826095
5,5,No,4235744
5,5,No,4401500
5,5,No,4260242
5,5,No,4366048
5,5,No,4063329
5,5,No,4185093
5,5,No,4282288
5,5,No,3796159
5,5,No,4374813
5,5,No,4395813
5,5,No,4339322
5,5,No,5285363
5,5,No,3877634
5,5,No,3637236
5,5,No,3931239
5,5,No,4057767
5,5,No,3953042
5,5,No,3834036
5,5,No,4203858
5,5,No,4253745
5,5,No,3882023
5,5,No,4426264
5,5,No,4322699
5,5,No,4578897
5,5,No,3872965
5,5,No,4009735
5,5,No,4064522
5,5,No,4415347
5,5,No,4123062
5,5,No,3808336
5,5,No,4092062
5,5,No,3689066
5,5,No,4181788
5,5,No,4062256
5,5,No,4087871
5,5,No,4162268
5,5,No,4602812
5,5,No,4127411
5,5,Sí,2740901
5,5,Sí,2695776
5,5,Sí,2667291
5,5,Sí,2861996
5,5,Sí,2724832
5,5,Sí,2716796
5,5,Sí,2678032
5,5,Sí,3046757
5,5,Sí,2798802
5,5,Sí,2938097
5,5,Sí,2691105
5,5,Sí,2704106
5,5,Sí,2893922
5,5,Sí,2836877
5,5,Sí,2770081
5,5,Sí,3011865
5,5,Sí,2774916
5,5,Sí,2670610
5,5,Sí,2786403
5,5,Sí,2762370
5,5,Sí,2680710
5,5,Sí,2857640
5,5,Sí,2796467
5,5,Sí,2638442
5,5,Sí,2802915
5,5,Sí,2659655
5,5,Sí,2770822
5,5,Sí,2872040
5,5,Sí,2741881
5,5,Sí,2729224
5,5,Sí,2674682
5,5,Sí,2672610
5,5,Sí,2705160
5,5,Sí,2910135
5,5,Sí,2849374
5,5,Sí,2657144
5,5,Sí,2624342
5,5,Sí,2946205
5,5,Sí,2694716
5,5,Sí,3017199
5,5,Sí,2798480
5,5,Sí,2721477
5,5,Sí,2748550
5,5,Sí,2650223
5,5,Sí,2709172
5,5,Sí,2960414
5,5,Sí,2703583
5,5,Sí,2718766
5,5,Sí,2663100
5,5,Sí,2743775
